id,authorId,content,contentVector,createdAt,moderationReason,status,updatedAt,_CategoryToPost,Attachment,Comment,Like
efbae7de-7988-41d8-ae4b-43b30663e495,da5067ec-f3ee-4cc9-8111-31d5f71e5ac9,"‼️ CHÍNH THỨC: DANH SÁCH  🇪🇺 4 TẤM VÉ TRỰC TIẾP DỰ 𝐖𝐎𝐑𝐋𝐃 𝐂𝐔𝐏 KHU VỰC CHÂU ÂU SẮP CÓ CHỦ

VÉ THỨ 43
Bosnia and Herzegovina 🇧🇦 vs 🇮🇹 Italy

VÉ THỨ 44
Thuỵ Điển 🇸🇪 vs 🇵🇱 Ba Lan.

VÉ THỨ 45
Kosovo 🇽🇰 vs 🇹🇷 Thổ Nhĩ Kỳ

VÉ THỨ 46
CH Séc 🇨🇿 vs 🇩🇰 Đan Mạch

Thời gian thi đấu: 01h45, ngày 1/4

Các đội thắng mỗi cặp sẽ giành vé trực tiếp đi World Cup. Ae dự đoán xem nào 🗣️🗣️",,2026-03-26T00:16:58.196Z,,PUBLISHED,2026-03-30T00:16:58.196Z,,,,
efc925a3-1100-4e05-bd49-c31715d750f4,2be0df6d-8cc8-47c0-8130-21581a18ab30,(No text content),,2026-03-22T00:13:00.830Z,,PUBLISHED,2026-03-30T00:13:00.830Z,,,,
effe37e4-e8f6-44d3-94f3-b06b55789895,65c3ee41-578f-48ba-8572-70f3993e3105,This hero bus driver did the kindest thing for a lost dog alone in the rain ❤️,,2026-03-24T00:10:58.271Z,,PUBLISHED,2026-03-30T00:10:58.271Z,,,,
f006c7aa-bbb9-4fa4-846d-8253bc6345da,bb264706-0be1-43ae-997a-138bca242377,"In a surprising turn of events, President Trump has claimed that Iran has provided the United States with ""eight boats of oil,"" a move he described as a diplomatic ""present"" or ""gesture"" during ongoing indirect negotiations. This development follows a period of extreme tension in the Strait of Hormuz, where Iran has effectively implemented a ""toll booth"" system, selectively allowing certain tankers to pass through the critical chokepoint.

The arrival of these eight tankers—reportedly VLCCs (Very Large Crude Carriers)—represents a significant, albeit symbolic, release of pressure on global energy markets. While this doesn't fully resolve the broader energy crisis, it suggests that the ""maximum pressure"" campaign may be yielding specific concessions from Tehran as they seek an off-ramp from the current military confrontation.

Strategic analysts are viewing this as a tactical move by the Iranian leadership to signal their willingness to negotiate while still maintaining control over the primary energy corridor. By specifically directing this ""present"" toward the U.S., Tehran may be attempting to bypass more hawkish regional players and establish a direct line of de-escalation with Washington.

However, the Pentagon remains cautious, noting that despite this gesture, the IRGC Navy continues to maintain a high level of readiness and has not fully withdrawn its threats against other international shipping. The ""toll booth"" system remains a point of contention for G7 leaders, who argue that maritime trade should not be subject to the whims of a single nation’s political strategy.

As the 48-hour deadline for the current strike pause draws near, this ""oil gesture"" adds a layer of complexity to the upcoming diplomatic summit. Whether this will lead to a broader reopening of the Strait or is simply a one-time maneuver to buy time remains to be seen.

#Trump #Iran #Oil #StraitOfHormuz #BreakingNews #Geopolitics",,2026-03-25T00:15:43.980Z,,PUBLISHED,2026-03-30T00:15:43.980Z,,,,
f0094a48-55b4-43a7-9e33-f828cb355d39,30136847-6d1f-422e-8305-905be06557ab,"🥇✨👏 KHEN THƯỞNG SINH VIÊN BÁCH KHOA DŨNG CẢM CỨU NGƯỜI

---
📝 Quyền Bộ trưởng Bộ Giáo dục và Đào tạo Hoàng Minh Sơn đã ký Quyết định số 701/QĐ-BGDĐT tặng Bằng khen cho sinh viên Nguyễn Lê Tú (lớp Vật lý 08-K69, Khoa Vật lý kỹ thuật, Đại học Bách khoa Hà Nội) vì hành động dũng cảm cứu người.

---
📸 Hình ảnh Tú trong vụ cháy được chia sẻ trên không gian mạng",,2026-03-20T00:14:48.859Z,,PUBLISHED,2026-03-30T00:14:48.859Z,,,,
f02e7917-51fb-4208-b7f6-ea22bd2ed908,cd18b325-af17-4a51-899b-d917f57eb898,The DOJ’s recent release of millions of documents relating to Epstein has shed new light into his final hours and what prison guards were doing at the time. But they’ve done little to dispel conspiracy theories about the nature of Epstein’s death. https://cnn.it/4rZjox4,,2026-03-12T00:15:26.313Z,,PUBLISHED,2026-03-30T00:15:26.313Z,,,,
f037b3be-3d93-4527-b8e1-99aad031a3d8,5a3c02df-6c93-4aae-b63e-f598c32df599,The artist will be the subject of her first major museum exhibition in Finland this September.,,2026-03-13T00:11:30.613Z,,PUBLISHED,2026-03-30T00:11:30.613Z,,,,
f06ac526-807b-4bf0-ad3e-804763df75f0,06339fa5-01b2-495c-8f7d-a40e941ceecf,"Điểm tin ngày 26/3: Xác định nguyên nhân ban đầu vụ ô tô Lexus tông loạt xe ở Hà Nội, Loạt vi phạm của Bảo Tín Minh Châu đã bị chuyển hồ sơ sang công an,... cùng một số tin tức khác.",,2026-03-22T00:15:04.280Z,,PUBLISHED,2026-03-30T00:15:04.280Z,,,,
f093542c-e93e-4c41-af88-1651a29d4333,cd3224bd-214e-416f-a240-a21462850c9a,"We all know which bird I am on Sunday's AM I RIGHT!?? 🦢🥸 But for real, if you're down with birds, you should watch more bird fails here: https://youtu.be/DJBPj7wiPcQ",,2026-03-04T00:10:58.885Z,,PUBLISHED,2026-03-30T00:10:58.885Z,,,,
f0adf577-8846-4ebd-b004-6a48cb4c07d3,cd18b325-af17-4a51-899b-d917f57eb898,The first batch of files relating to Peter Mandelson's appointment as British ambassador to the US have released by the UK government.,,2026-03-25T00:15:26.314Z,,PUBLISHED,2026-03-30T00:15:26.314Z,,,,
f100ddcc-9205-4d66-a4df-41e4ea23d48d,99b31143-ccb7-4122-a183-d27b9191a3e4,Sleeping HARD #kitten #9gag,,2026-03-15T00:13:17.293Z,,PUBLISHED,2026-03-30T00:13:17.293Z,,,,
f101cd80-e4ce-444e-8509-ecaf4b7136ad,65e6c099-cd94-4bd7-865a-0a51dc5156fa,"For Zazie Beetz, style has never been about getting it right.

“There are many things I stress about in life, but when I get dressed, I just feel so free.”

🔗 Read her FASHION cover story: https://bit.ly/4sTaAtB",,2026-03-28T00:12:20.723Z,,PUBLISHED,2026-03-30T00:12:20.723Z,,,,
f1462fcb-db24-4a78-bf68-59a61b28a820,a6f43c21-de9d-4c11-b41d-c22d63b8579f,"Quốc hội sắp bầu Chủ tịch nước, Thủ tướng Chính phủ, Chủ tịch Quốc hội
Sáng 26/3, tại Nhà Quốc hội, Chủ tịch Quốc hội Trần Thanh Mẫn chủ trì cuộc họp về công tác chuẩn bị cho Kỳ họp thứ Nhất, Quốc hội khoá XVI.
Tại cuộc họp, Chủ tịch Quốc hội nêu rõ, Kỳ họp thứ nhất, Quốc hội khóa XVI có ý nghĩa đặc biệt quan trọng, tiếp nối sau thành công của Đại hội Đảng toàn quốc lần thứ XIV; cuộc bầu cử đại biểu Quốc hội khóa XVI và Hội đồng nhân dân các cấp nhiệm kỳ 2026-2031; thành công của Hội nghị Trung ương II, khoá XIV.
Kỳ họp lần này sẽ xem xét kiện toàn nhân sự các chức danh của Nhà nước, gồm: Chủ tịch nước, Thủ tướng Chính phủ, Chủ tịch Quốc hội, các Phó Chủ tịch Quốc hội, các Phó Thủ tướng, các thành viên của Chính phủ, các Ủy viên Ủy ban Thường vụ Quốc hội, Hội đồng Dân tộc, các Ủy ban của Quốc hội.
Chủ tịch Quốc hội cho biết, ở địa phương, các tỉnh, thành phố đang tích cực chuẩn bị tổ chức kỳ họp thứ nhất của Hội đồng nhân dân cấp tỉnh, phấn đấu hoàn thành trước ngày 31/3/2026. Một số địa phương sẽ tổ chức sau kỳ họp thứ Nhất của Quốc hội do còn liên quan đến công tác nhân sự gắn với Trung ương.
Hội đồng bầu cử quốc gia đã công bố danh sách 500 người trúng cử đại biểu Quốc hội. Dự kiến đến ngày 27/3, Hội đồng Bầu cử quốc gia sẽ chính thức thông qua Nghị quyết xác nhận tư cách đại biểu Quốc hội khoá XVI của 500 người trúng cử.
Chủ tịch Quốc hội nêu rõ, sau bầu cử, các cơ quan Trung ương và địa phương đã tiến hành rà soát toàn bộ đơn thư liên quan, bảo đảm đúng quy định trước khi công bố kết quả chính thức. Đến nay, công tác phối hợp giữa các cơ quan liên quan đã cơ bản hoàn thành, đủ điều kiện để xác nhận tư cách của 500 đại biểu Quốc hội.
Văn phòng Quốc hội và Ủy ban Công tác đại biểu đang tiếp tục hoàn tất các thủ tục cần thiết, bảo đảm tiến độ chung của kỳ họp.
Cùng với đó, Chủ tịch Quốc hội hoan nghênh Ủy ban Công tác đại biểu đã phối hợp tổ chức tập huấn cho các đại biểu mới trúng cử lần đầu. Đây là hoạt động có ý nghĩa thiết thực, không chỉ với đại biểu lần đầu tham gia mà cả các đại biểu tái cử.",,2026-03-24T00:15:44.196Z,,PUBLISHED,2026-03-30T00:15:44.196Z,,,,
f1619c5b-680e-4764-a71e-25a354cbfc28,da5067ec-f3ee-4cc9-8111-31d5f71e5ac9,"‼ NÓNG: GIÁ XĂNG CHÍNH THỨC GIẢM MẠNH NGAY TRONG ĐÊM!

Kể từ 00:00h hôm nay 27/3/2026. Giá xăng dầu đồng loạt giảm mạnh 👏

✅ Cơ quan điều hành quyết định giảm 4.750 đồng/lít với xăng E5 RON 92 và giảm 5.620 đồng/lít với xăng RON 95. Sau điều chỉnh, giá bán lẻ với xăng E5 RON 92 là 23.320 đồng/lít và xăng RON 95 là 24.330 đồng/lít.

✅ Dầu diesel giảm 2.450 đồng/lít còn 35.440 đồng/lít, dầu hỏa giảm 970 đồng/lít còn 35.380 đồng/lít; dầu mazut tăng 1.500 đồng/lít lên 21.740 đồng/kg.).",,2026-03-12T00:16:58.197Z,,PUBLISHED,2026-03-30T00:16:58.197Z,,,,
f18fb954-9880-4788-bf44-98fd6e1c2c4a,da5067ec-f3ee-4cc9-8111-31d5f71e5ac9,"37 tuổi và Lewandowski vẫn gồng gánh Ba Lan nuôi hy vọng dự World Cup 🇵🇱🥶

✅ Ba Lan chính thức đặt chân vào trận chung kết Play-offs và sẽ đối đầu với Thụy Điển để giành lấy tấm vé dự VCK World Cup 2026 💪",,2026-03-06T00:16:58.197Z,,PUBLISHED,2026-03-30T00:16:58.197Z,,,,
f1bb8370-3f18-4cb5-8517-d95fdcf5cb55,65c3ee41-578f-48ba-8572-70f3993e3105,"Chimpanzees might be getting a little buzz from their fruit.

A new study found chemical evidence that wild chimps regularly consume alcohol by eating fermented fruit. Researchers detected traces in their urine, suggesting it’s a common part of their diet.

Scientists say the behavior could offer clues about why humans are drawn to alcohol in the first place.",,2026-03-22T00:10:58.272Z,,PUBLISHED,2026-03-30T00:10:58.272Z,,,,
f1f08c12-a7a4-47f2-be20-5f63fea5c19e,842d30e6-e5f4-4f6a-9040-89e907f16091,"💗 Chọn làm mẹ, làm nữ bác tài hay làm nữ tướng nơi công sở, mỗi lựa chọn đều mạnh mẽ và xứng đáng được trân trọng.

Nhân tháng Phụ nữ, Corbiere tự hào đồng hành cùng mẹ, giúp xương chắc khỏe để tự tin với mọi lựa chọn trên mọi cột mốc cuộc đời 🧡

Như Liêu Hà Trinh từng chia sẻ: Dù tỏa sáng hay âm thầm chăm sóc gia đình, hành trình nào cũng cần một hệ xương chắc khỏe làm điểm tựa để bước xa hơn.

#Corbiere #ChoXuongChacKhoe #ChonDeChacKhoe #TronVenLuaChonManhMe",,2026-03-17T00:14:30.240Z,,PUBLISHED,2026-03-30T00:14:30.240Z,,,,
f2096c0f-9dd4-4861-859c-7110a7bd7c94,160b6d37-539a-4c4c-8d0f-60674c5e1575,"Charlie Puth and his wife Brooke Sansone have officially become parents.

The couple announced the arrival of their son, Jude, in a joint Instagram post, revealing he was born on March 13.

“Hey Jude,” they wrote alongside a series of sweet photos, including one of the newborn in his cot and another of Charlie holding his baby boy.

One touching image also showed Jude’s tiny hand next to a gold “J” pendant.

The post quickly filled with congratulations from friends and fans, with celebrities including Paris Hilton and Sofia Richie Grainge sharing their well wishes.

Charlie first revealed Brooke’s pregnancy in the music video for his song Changes last October. The pair, who began dating in 2022, tied the knot in September 2024.

The singer is also preparing for a big week professionally, with his fourth studio album Whatever’s Clever! set to be released soon.",,2026-03-12T00:14:30.443Z,,PUBLISHED,2026-03-30T00:14:30.443Z,,,,
f219153f-871a-49e3-883f-dc313cf9afe9,30136847-6d1f-422e-8305-905be06557ab,"👮📝 Khai thác quặng titan trái phép, Chủ tịch Tập đoàn Hưng Thịnh và đồng phạm bị truy tố

---
28 bị can trong vụ án xảy ra tại Công ty Cổ phần Tập đoàn Khoáng sản Đầu tư Hưng Thịnh và một số đơn vị liên quan bị Vụ 3, Viện Kiểm sát nhân dân tối cao tối cao truy tố vì""Vi phạm quy định về nghiên cứu, thăm dò khai thác tài nguyên"" và một số tội danh khác.",,2026-03-08T00:14:48.858Z,,PUBLISHED,2026-03-30T00:14:48.858Z,,,,
f22197df-d073-4199-8de7-da0086788052,ec1e627a-5418-4713-920d-29496f252009,"When the Wildebeest Didn’t Run After the Rescue, They Knew He Needed More Help ❤️",,2026-03-28T00:11:14.426Z,,PUBLISHED,2026-03-30T00:11:14.426Z,,,,
f22dd5d7-0029-40e7-b989-7ae38692f584,2b9222fa-bd4b-4cfe-a301-f8e31cde883a,"U50 có thể đẹp đến mức này sao?!

#GhienAmNhac #music #Vpop #showbiz #Min #Threads",,2026-03-07T00:14:11.811Z,,PUBLISHED,2026-03-30T00:14:11.811Z,,,,
f251efd0-02a2-4263-8bdc-63ec109e9507,5a3c02df-6c93-4aae-b63e-f598c32df599,"""The Forsyte family is the lens through which we observe the state of the nation.”",,2026-03-28T00:11:49.084Z,,PUBLISHED,2026-03-30T00:11:49.084Z,,,,
f2b91fdc-954f-4486-b06c-92fe53b85d47,0e3444b0-651e-4117-b47b-817069dec9e7,"This year’s #FIFASeries is officially underway! 🙌

Swipe to see some of the best pictures from day one  📸 👉",,2026-03-03T00:16:38.128Z,,PUBLISHED,2026-03-30T00:16:38.128Z,,,,
f2c592ba-3b4a-4207-9d7a-13f22093dd31,5a3c02df-6c93-4aae-b63e-f598c32df599,"""I'm suing everybody,"" Marianne Nestor told Business Insider, when told Tuesday night of the closing. https://bit.ly/4be2LbW",,2026-03-28T00:11:49.084Z,,PUBLISHED,2026-03-30T00:11:49.084Z,,,,
f2dcdb6e-8f3c-4040-9dfe-997395123f44,99b31143-ccb7-4122-a183-d27b9191a3e4,The core team that made the first film a smash hit is reuniting for this follow-up.,,2026-03-18T00:13:17.293Z,,PUBLISHED,2026-03-30T00:13:17.293Z,,,,
f2e6576b-2eca-4912-a751-f3d1d86a438d,e80c9d9f-94e9-46db-85a6-1a3fd705818b,"Sau thành tích 0-7 tại Giai Đoạn 1, DFM nâng cấp đội hình thi đấu LCP với hai gương mặt mới:
⭐️ Woody (SUP) - cựu tuyển thủ PSG 
⭐️ Fisher (MID) - cựu tuyển thủ EDG, NS, BRO

Ở phía ngược lại, Đường Giữa Keine rời đội & Hỗ Trợ Gaeng đã tuyển bố giải nghệ.

Không còn là Anh Chí nữa, GAM MVK TSW cẩn thận nhé 🥹",,2026-03-06T00:13:17.514Z,,PUBLISHED,2026-03-30T00:13:17.514Z,,,,
f2f5c1d7-b79b-4fd5-abb5-eef8884316e4,2511bcf1-0466-4d80-b869-d52e723331aa,Messi vs everyone 👀,,2026-03-10T00:16:37.930Z,,PUBLISHED,2026-03-30T00:16:37.930Z,,,,
f324c5cb-0780-4c38-987a-878f7937037f,d7497b01-a9a0-4cd7-8999-666a8ca37779,Bộ GD&ĐT khen thưởng đột xuất nam sinh Bách khoa dũng cảm cứu người trong vụ cháy ở Lĩnh Nam,,2026-03-03T00:12:04.667Z,,PUBLISHED,2026-03-30T00:12:04.667Z,,,,
f33e35be-1a0e-4350-ad2e-e07a8c8f7416,fd5b4d2b-1788-4bac-a8c6-2d738376737c,"Moviefone speaks exclusively with #SamaraWeaving, #KathrynNewton, #SarahMichelle Gellar, and #ElijahWood, as well as directors Matt Bettinelli-Olpin and Tyler Gillett about their work on 'Ready or Not 2: Here I Come', expanding the mythology from the original, the new cast members and new characters, and what fans of the first movie can expect from the sequel. #ReadyOrNot2  🎬 https://movief.one/ready-or-not-here-i-come",,2026-03-15T00:13:50.911Z,,PUBLISHED,2026-03-30T00:13:50.911Z,,,,
f353951a-4af6-4091-9b85-32f1a20b46da,a6f43c21-de9d-4c11-b41d-c22d63b8579f,"CỘNG ĐỒNG QUỐC TẾ CHAO ĐẢO TRƯỚC ""CƠN CUỒNG PHONG"" DI TRÚ MỸ

Tại quốc gia có hơn 45 triệu người nhập cư, từ cộng đồng Latinh, Hàn Quốc đến Ấn Độ, cơn bão chính sách ""Make America Safe Again"" đang khiến cả thế giới nín thở. 

Con số 34 người Việt bị trục xuất về nước cuối tháng 3/2026 thực chất chỉ là phần nổi của tảng băng chìm đầy khốc liệt. Nếu cả nhiệm kỳ TT Biden chỉ có 87 người bị đẩy về thì riêng năm 2025, con số đã vọt lên 930 người  gấp hơn 10 lần chỉ sau một năm chính quyền TT Trump thực thi làn sóng siết chặt di trú.

Điều đáng chú ý là cộng đồng người Việt, vốn có lịch sử tị nạn đặc biệt và từng được bảo trợ bởi các chính sách nhân đạo suốt nhiều thập kỷ, đang chứng kiến những ""vùng xanh pháp lý"" mà họ từng dựa vào bị xóa nhòa một cách nhanh chóng. Từ nguy cơ đóng cửa của đài VieTV tại Houston đến việc ICE bị cáo buộc dùng trẻ em làm mồi nhử bắt cha mẹ tại Minnesota, cơn bão này phá vỡ mọi ranh giới an toàn, tác động đồng đều lên tất cả các nhóm cư trú:

📍 Nhóm định cư trước năm 1995: Bỗng chốc mất lá chắn từ Hiệp định 2008, đối mặt chính sách hồi tố án tích tàn nhẫn khi những lỗi lầm cũ bị đào xới làm cớ trục xuất.

📍 Nhóm sau năm 1995 và người giữ Thẻ xanh: Sống trong sự mong manh, nơi một vi phạm hành chính nhỏ cũng có thể kích hoạt trục xuất nhanh và hủy bỏ quyền bảo lãnh thân nhân.

📍 Du học sinh và lao động diện EB: Không đứng ngoài vòng xoáy khi lòng nhân đạo vì lý do con nhỏ hay bệnh tật bị triệt tiêu để ưu tiên tốc độ xử lý hồ sơ.

Nỗi lo này không hề cảm tính. Trong 2,4 triệu người gốc Việt tại Mỹ, có đến hơn một nửa là người nhập cư chưa có quốc tịch. Nhóm này chiếm tỷ lệ áp đảo trong cộng đồng gốc Á (54%) và là đối tượng trực diện của các sắc lệnh mới. 

Là cộng đồng gốc Á lớn thứ 4 tại Mỹ sau Trung Quốc, Ấn Độ và Philippines, sự chao đảo của người Việt chính là tấm gương phản chiếu sự bất định mà hàng chục triệu di dân khác đang đối mặt.

Thẻ xanh giờ đây không còn là bùa hộ mệnh, và quá khứ không còn là nơi trú ẩn an toàn trước một hệ thống đang ưu tiên thanh lọc hơn là nhân đạo.

#ccnnews #chinhtrivietnam #tinnoichinh #luatditrumy",,2026-03-24T00:15:44.195Z,,PUBLISHED,2026-03-30T00:15:44.195Z,,,,
f35a03ac-3135-42ac-85e3-efb1014fbd4e,cd18b325-af17-4a51-899b-d917f57eb898,A newly unearthed interview from 2013 casts doubt on the Green Party leader's claim to have apologised.,,2026-03-02T00:15:26.314Z,,PUBLISHED,2026-03-30T00:15:26.314Z,,,,
f37e08f0-47cb-4f99-950b-911ee01dc79e,0eaf3dab-44d0-4bc9-a5ad-7ef101236200,Thân tặng 🤓,,2026-03-12T00:16:04.886Z,,PUBLISHED,2026-03-30T00:16:04.886Z,,,,
f3834e8f-c9c1-4bfb-833b-7d732222a892,4bc7eff0-091a-45f8-84ca-72276cc4fc1e,"Ngôi nhà 2 tầng này nằm ở tỉnh Huaral thuộc Peru được trang bị đầy đủ tiện nghi, đang chờ xét duyệt kỷ lục Guinness ở hạng mục ""Nhà mỏng nhất thế giới"". 

Dù thoạt nhìn giống một tác phẩm nghệ thuật ngoài trời, ngôi nhà hẹp khiêm tốn vẫn được trang bị hầu hết tiện ích của một căn hộ hiện đại như phòng tắm, bếp, phòng ăn, hành lang, phòng ngủ, phòng làm việc, khu giặt là. Đáng chú ý, toàn bộ các không gian này đều được bố trí trong chiều rộng chỉ 63cm.

Chủ nhà, anh Fabio Moreno đã nộp hồ sơ tới Tổ chức Kỷ lục Guinness Thế giới để đăng ký danh hiệu “Ngôi nhà mỏng nhất thế giới”.

Quá trình xét duyệt có thể mất thêm thời gian do cần tiến hành đo đạc chính thức và thẩm định kỹ thuật. Dù vậy, anh Moreno vẫn bày tỏ sự tự tin vào khả năng xác lập kỷ lục của công trình độc đáo này.

Nếu nhận được danh hiệu kỷ lục thế giới, ngôi nhà hẹp nhất hứa hẹn trở thành điểm đến của khách tham quan. Đây sẽ không chỉ là niềm tự hào của người dân Peru, là minh chứng sống động cho sức sáng tạo không giới hạn của con người.",,2026-03-05T00:15:25.605Z,,PUBLISHED,2026-03-30T00:15:25.605Z,,,,
f3961817-73c1-421a-95dd-eabc36d66de4,160b6d37-539a-4c4c-8d0f-60674c5e1575,"The long-rumoured Spice Girls reunion tour has officially been shelved, with Mel B confirming the disappointing news.

The singer revealed that plans for a 2026 world tour—marking 30 years since Wannabe—have fallen through despite months of discussions between all five members.

Speaking candidly, Mel B admitted she was eager to make it happen, saying: “In a perfect world, we’d already be on tour right now.”

She explained she’s always been the one pushing for a comeback, adding: “I would love to tour and make music, but it isn’t happening.”

Talks had reportedly been ongoing between Mel B, Mel C, Emma Bunton, Geri Horner and Victoria Beckham, but the group couldn’t agree on key details.

The setback highlights how difficult it is to reunite the iconic group, with each member now juggling their own careers and commitments decades after their rise to fame.

While the reunion may be off for now, Mel B made it clear the desire is still there—even if the timing isn’t.",,2026-03-21T00:14:30.443Z,,PUBLISHED,2026-03-30T00:14:30.443Z,,,,
f3a81f4c-bcdb-45aa-9664-fb80fbbfb19b,a6f43c21-de9d-4c11-b41d-c22d63b8579f,"Hình ảnh 2 ""người hùng"" xua tan bớt những u ám, âu lo khi chiến sự Trung Đông vẫn kéo dài. 

Bất chấp khói lửa lan nhanh, hiểm nguy cận kề, gần 10 phút, 2 thanh niên vẫn lăn xả lao lên mái nhà dùng búa tạ đập mái tôn cứu 7 người qua cơn hỏa họa ở Hoàng Mai, Hà Nội! 

#ccnnews #chinhtrivietnam #tinnoichinh #cuunguoi #hoahoanohanoi",,2026-03-16T00:15:44.195Z,,PUBLISHED,2026-03-30T00:15:44.195Z,,,,
f3c5d936-b1ff-4d4e-a618-bf4658d16717,2be0df6d-8cc8-47c0-8130-21581a18ab30,(No text content),,2026-03-27T00:13:00.830Z,,PUBLISHED,2026-03-30T00:13:00.830Z,,,,
f3f14ccc-099b-450d-8448-2d70cd65252d,65c3ee41-578f-48ba-8572-70f3993e3105,"Can animals imagine things that aren’t really there?

In a new study, researchers tested a language-trained bonobo using simple “pretend” scenarios — like pouring imaginary juice. The ape was often able to track which objects were part of the make-believe setup and which were real.

Scientists say the results could offer a glimpse into how imagination may exist beyond humans.",,2026-03-25T00:10:58.272Z,,PUBLISHED,2026-03-30T00:10:58.272Z,,,,
f4067d64-4a38-44e5-9063-a0c8e7ae82b2,d7497b01-a9a0-4cd7-8999-666a8ca37779,Bán vàng để gửi tiết kiệm vì lãi suất tăng mạnh,,2026-03-23T00:12:04.667Z,,PUBLISHED,2026-03-30T00:12:04.667Z,,,,
f416ebd7-aa75-4c6f-ad06-c95f4ecb3025,f9bb992c-f613-4e52-8d15-905f35113610,"🔥 +1 LÝ DO ĐI HỌC MỖI NGÀY

Vì Jollibee đã mời hẳn dàn lineup vừa xịn vừa chất đến sân trường của các bạn học rùi đâyyyy

Cùng hóng xem Chú Ong Đỏ sẽ mang những điều bất ngờ nào đến những ngôi trường nào trên hành trình săn kho báu niềm vui - The Jolly School-Yah! sắp tới nha.

#JollibeeVietnam #MoRaNiemVui",,2026-03-24T00:14:11.606Z,,PUBLISHED,2026-03-30T00:14:11.606Z,,,,
f43a87b7-e3a3-49b0-b574-8879e8aa8f4e,30136847-6d1f-422e-8305-905be06557ab,(No text content),,2026-03-27T00:14:48.859Z,,PUBLISHED,2026-03-30T00:14:48.859Z,,,,
f45d79ae-d988-4132-95a4-166750803023,56257f1b-41d6-4f2e-9ef2-9195f5117a85,"3 Days to Go

From the gods to the Agents: the power of the seasons arrives in just three days. ❄️🍂☀️🌸

Anime Title: 《Agents of the Four Seasons: Dance of Spring》
📅Starts on March 29, every Sunday at 00:30(GMT+8)
—————————————————
""Let Spring bloom, for everyone across this land.""

The Agents of the Four Seasons travel the land, turning the cycle of spring, summer, autumn, and winter with powers granted to them by the gods.

It is their tireless devotion that sustains the turning of the seasons, something most people take for granted.

But after the Agent of Spring, Hinagiku Kayo, is abducted by a terrorist organization and goes missing, spring vanishes from the land of Yamato.

""Please, Hinagiku-sama. Please come back. Do not leave me alone.""

Sakura Himedaka, the Spring Guard, devotes her entire life to searching for her missing master.

Meanwhile, the Agent of Winter, Rosei Kantsubaki, and his guard, Itecho Kangetsu, carry the guilt of failing to protect their precious friend.

Then, after ten long years, Hinagiku suddenly returns, and time begins to move once more.

Carrying their many unspoken feelings, Hinagiku and Sakura set out to deliver spring again.

""We will live. The two of us, together.""
—To live alongside the girl who swore she would never let go.

""Those two were in a small, tender love.""
—To reunite with a first love torn apart.

""To all who would harm us, hear this.""
—To reclaim the everyday life stolen by cruel injustice.

Hinagiku and Sakura journey on.

For those who need Spring.
For those standing at the edge of sorrow.
For those who still wish to live, no matter how many times they are wounded.

""I will protect you. And you, in turn, will give me spring. So it will be all right. Let us go together.""
—————————————————
(More information will be updated soon. Stay tuned!)",,2026-03-27T00:11:30.413Z,,PUBLISHED,2026-03-30T00:11:30.413Z,,,,
f48ab5cc-cd70-4ca0-a556-a6cb2f2bec83,a6022d31-7bf8-43d3-a8c6-6470fecff46f,"💛 Cuối tuần này bạn có hẹn với ai chưa?
Đưa mẹ đến CGV xem phim MIỄN PHÍ nhé!! 

Từ 27/03 đến 19/04/2026
Khi mua 1 vé phim ĐẾM NGÀY XA MẸ, CGV gửi tặng 01 VÉ MIỄN PHÍ* cho mẹ

Áp dụng khi mua vé trực tiếp tại rạp CGV trên toàn quốc, vui lòng liên hệ nhân viên quầy để được hỗ trợ

👉 Lên lịch cuối tuần này, dẫn mẹ đến CGV xem phim ngay!!

---------------------------
ĐẾM NGÀY XA MẸ
🎬 Đang chiếu tại các rạp trên toàn quốc
🎬 Chi tiết ưu đãi: https://www.cgv.vn/default/newsoffer/cgv-numberone-promo/ 
*Vé miễn phí áp dụng cho khách hàng nữ từ 40 tuổi trở lên

#CGV #CGVCinemasVietnam #CGVMembership #DemNgayXaMe",,2026-03-10T00:13:50.702Z,,PUBLISHED,2026-03-30T00:13:50.702Z,,,,
f48eb5b3-8e56-488a-aa8f-a691582bcd2a,063ce956-10ac-4677-a744-7ad0b829f7a0,Thị trường lấy đi của em bao nhiêu... Grab sẽ trả lại cho em bấy nhiêu! Từng cuốc một 😎,,2026-03-03T00:12:04.870Z,,PUBLISHED,2026-03-30T00:12:04.870Z,,,,
f4a94f08-46ff-4081-b397-62e20f0b1d39,a6f43c21-de9d-4c11-b41d-c22d63b8579f,"Có những công trình không giao cho quân đội, không giao cho công bình thì không ai có thể thực hiện được. #ccnnews #chinhtrivietnam #tinnoichinh #tongbithutolam",,2026-03-11T00:15:44.195Z,,PUBLISHED,2026-03-30T00:15:44.195Z,,,,
f4b33e43-d648-407e-9845-8792ed08a2cf,06339fa5-01b2-495c-8f7d-a40e941ceecf,Ruộng cạnh cao tốc Chí Thạnh - Vân Phong ngập dầu nhớt,,2026-03-01T00:15:04.279Z,,PUBLISHED,2026-03-30T00:15:04.279Z,,,,
f4b85acc-6ee3-47f5-8250-5a9055321800,0e3444b0-651e-4117-b47b-817069dec9e7,"Two teams will secure their place at the FIFA Women's World Cup  2027 via the Asian play-in path 🏆

The matches take place in Gold Coast on 19 March.

Who do you think will qualify?",,2026-03-05T00:16:38.129Z,,PUBLISHED,2026-03-30T00:16:38.129Z,,,,
f4c2d89f-aac0-40ed-ac4f-d27c2ebfe8f4,65e6c099-cd94-4bd7-865a-0a51dc5156fa,"Chocolate on your pillow is a nice touch, but today, luxury hotels have made turndown service into its own travel-worthy experience. ",,2026-03-23T00:12:20.723Z,,PUBLISHED,2026-03-30T00:12:20.723Z,,,,
f4cca17f-2f9c-43e0-b960-ae277ba29813,65c58780-4703-4009-8925-921f4924b4d7,Hóa ra đây là bí quyết của gia đình có 7 đứa con 👀,,2026-03-29T00:12:41.886Z,,PUBLISHED,2026-03-30T00:12:41.886Z,,,,
f4fb966e-3cbd-4240-bd5e-178fe1e7f98e,e80c9d9f-94e9-46db-85a6-1a3fd705818b,"Có thể bạn chưa biết: Chức vô địch First Stand 2026 đã đánh dấu sự trở lại của LPL, chấm dứt cơn khát danh hiệu tại 6 giải đấu quốc tế liên tiếp kể từ sau MSI 2023. 

Đáng chú ý, ngôi sao đường giữa Knight, người cuối cùng từng nâng cúp cho khu vực này, giờ đây cũng chính là người giải tỏa ""cơn khát"" vàng cho người hâm mộ LPL.",,2026-03-20T00:13:17.514Z,,PUBLISHED,2026-03-30T00:13:17.514Z,,,,
f4fea657-6706-4d0b-8ef3-93a64adf0ddb,160b6d37-539a-4c4c-8d0f-60674c5e1575,"Tim McGraw has revealed he was overcome with emotion after learning he’s being inducted into the Country Music Hall of Fame.

The country star said the moment came completely out of the blue during what he thought was a routine call with his management team.

“I didn’t understand what they were telling me at first,” he admitted. But when the news finally sank in, the reaction was immediate.

“I just lost it,” he said. “I was out on the street in New York, just sobbing.”

McGraw is being honoured alongside songwriter Paul Overstreet and bluegrass legends the Stanley Brothers—marking one of the highest achievements in country music.

The emotional impact didn’t stop there. At the official announcement, McGraw said he was again overwhelmed, especially when reflecting on his heroes.

He recalled pausing in front of Merle Haggard’s plaque, calling him his “all-time number one,” and realising he would soon be honoured in the same space.

“I don’t know if I ever thought it would happen in my lifetime,” he said.

Despite reaching one of the biggest milestones in his career, McGraw says he’s far from slowing down.

“This makes me want to live up to it,” he said. “I feel like I’ve still got a lot left—and now I’ve got to prove I belong.”",,2026-03-06T00:14:30.443Z,,PUBLISHED,2026-03-30T00:14:30.443Z,,,,
f525c138-82ea-4340-acf6-a5dbc3b22eb9,b1880d5a-11cc-408c-baa2-55dd1b4cc000,"TOMMY HILFIGER THE LOOP IPH THÔNG BÁO NGỪNG HOẠT ĐỘNG

Cửa hàng Tommy Hilfiger The Loop IPH sẽ chính thức ngừng hoạt động từ ngày 21.03.2026. Tommy Hilfiger chân thành cảm ơn sự yêu mến và đồng hành của quý khách trong suốt thời gian qua.

Tommy Hilfiger rất mong được tiếp tục phục vụ quý khách tại các cửa hàng khác trên toàn quốc: https://bit.ly/TH_stores

#TommyHilfiger",,2026-03-18T00:12:41.663Z,,PUBLISHED,2026-03-30T00:12:41.663Z,,,,
f52f614c-e11f-452e-8400-54ecd8380754,30136847-6d1f-422e-8305-905be06557ab,"🇷🇺 ✈ 🇻🇳 Thủ tướng Phạm Minh Chính về tới Hà Nội, kết thúc tốt đẹp chuyến thăm chính thức Liên bang Nga",,2026-03-28T00:15:04.067Z,,PUBLISHED,2026-03-30T00:15:04.067Z,,,,
f5382c52-6364-4d97-970e-b81d753d7c1c,65c58780-4703-4009-8925-921f4924b4d7,Bánh canh cua siu ngon.#diadiemanuong #diadiemanngon #reviewanuong #reviewanngon #nsaigon #food #foodie #foodreview #ansapsaigon #amthuc #amthucviet #anvat #anvatsaigon #Monngonmoingay #monngon #anngon #anngonnaungon #vivusaigon #chill #amthucsaigon #amthucduongpho #vietnamesefood #ShopeeFood #saigonangi #foodlover,,2026-03-26T00:12:41.885Z,,PUBLISHED,2026-03-30T00:12:41.885Z,,,,
f561a57d-b61e-4b33-aa21-ee44495ba6ef,65c58780-4703-4009-8925-921f4924b4d7,"Before the chefs start cooking, we’re serving up a few questions for Ted 📣

Don't miss Ted Allen on an all-new episode of #Chopped! Tune in Tuesday at 9|8c.",,2026-03-15T00:13:00.626Z,,PUBLISHED,2026-03-30T00:13:00.626Z,,,,
f566e5e4-5e85-444c-877b-4a4b391169f5,99b31143-ccb7-4122-a183-d27b9191a3e4,Thanks mom 🫤,,2026-03-15T00:13:17.293Z,,PUBLISHED,2026-03-30T00:13:17.293Z,,,,
f587e582-d0b2-42b3-aafa-4909c8582497,7cbd37a4-3374-4291-bd6d-b2474273342a,"Another incredible episode! 🔥🔥🔥

Anime: Hell's Paradise Season 2",,2026-03-16T00:11:14.626Z,,PUBLISHED,2026-03-30T00:11:14.626Z,,,,
f5e337dd-153a-4635-96ca-84b91c63ac4b,e5b917f7-e4e9-4cc0-b09a-f84eac91709f,A war-torn Italian ghost town immortalized by a legendary Hollywood director blurs the lines between fiction and reality; experts investigate and uncover a forgotten landscape of ruins captured in a WWII documentary. #MysteriesoftheAbandoned,,2026-03-05T00:16:21.781Z,,PUBLISHED,2026-03-30T00:16:21.781Z,,,,
f610757d-dc46-4bf7-a1ca-53bd70d59842,5a3c02df-6c93-4aae-b63e-f598c32df599,"American artist Pat Steir allowed paint to flow freely across the canvas, claiming she relied on ""gravity and chance.""",,2026-03-11T00:11:30.613Z,,PUBLISHED,2026-03-30T00:11:30.613Z,,,,
f62391f5-c787-4721-855f-2cbbdacbe320,06339fa5-01b2-495c-8f7d-a40e941ceecf,"Phát hiện thithe nam shipper cùng xe máy dưới mương nước ở Ninh Bình 😰

#Thờisự",,2026-03-14T00:15:04.278Z,,PUBLISHED,2026-03-30T00:15:04.278Z,,,,
f6271a74-532b-4b67-9226-7d8ec4f53256,06339fa5-01b2-495c-8f7d-a40e941ceecf,Giá vé máy bay thế giới tăng vọt từ tháng 4,,2026-03-06T00:15:04.280Z,,PUBLISHED,2026-03-30T00:15:04.280Z,,,,
f6a0ab02-73b4-4753-aa12-b8e57d78a4eb,da59f15f-d533-46f2-bb1e-fef513f7658b,"👀

#FIFAWorldCup",,2026-03-30T00:16:38.325Z,,PUBLISHED,2026-03-30T00:16:38.325Z,,,,
f6ae36b2-8726-4963-a8c6-679c70cdd677,d77e34f7-4fb7-4847-9876-d7e52dbc0739,"Platypuses just got even weirder. Their fur has hollow pigment structures—something scientists had only ever seen in bird feathers.
",,2026-03-30T00:16:37.491Z,,PUBLISHED,2026-03-30T00:16:37.491Z,,,,
f6d7aea9-56c7-4631-8887-92d83f4dadaa,a6f43c21-de9d-4c11-b41d-c22d63b8579f,"Tổng Bí thư: ""Thanh niên phải dám nghĩ, dám làm, dám thử nghiệm cái mới""
Nhân kỷ niệm 95 năm Ngày thành lập Đoàn TNCS Hồ Chí Minh (26/3/1931-26/3/2026), Tổng Bí thư Tô Lâm có bài viết ""Thanh niên với tương lai đất nước"".
Trong bài viết, Tổng Bí thư cho rằng sự nghiệp đổi mới sáng tạo của thanh niên không giới hạn trong vài lĩnh vực thời thượng mà bao trùm nhiều mặt của đời sống quốc gia. Trong học tập, thanh niên cần rèn tư duy phản biện, tư duy hệ thống, năng lực tự học suốt đời, làm chủ ngoại ngữ, kỹ năng số và phương pháp nghiên cứu khoa học.
Trong lao động, phải quý trọng kỷ luật, tôn trọng quy trình nhưng không chấp nhận lối mòn, không bằng lòng với những gì đã có. Trong sản xuất, kinh doanh, cần mạnh dạn ứng dụng công nghệ, nâng cao chất lượng quản trị, cải thiện năng suất, xây dựng thương hiệu Việt Nam bằng chất lượng và sáng tạo.
Trong khu vực công, thanh niên cần góp phần xây dựng nền hành chính hiện đại, minh bạch, hiệu lực, hiệu quả. Trong văn hóa, xã hội, môi trường, quốc phòng, an ninh, thanh niên cũng phải chủ động đưa giải pháp mới vào thực tiễn, giữ gìn bản sắc, bảo vệ Tổ quốc trên cả không gian thực và không gian số.
Tuy nhiên, sáng tạo chân chính không thể tách rời lý tưởng sống, đạo đức và trách nhiệm công dân. Thanh niên phải dám nghĩ, dám làm, dám thử nghiệm cái mới; nhưng điều đó không có nghĩa là tùy tiện, nóng vội, chạy theo trào lưu hay sự nổi tiếng nhất thời.",,2026-03-06T00:15:44.196Z,,PUBLISHED,2026-03-30T00:15:44.196Z,,,,
f6e5f98e-11db-44ca-a270-8c3be815451a,f9bb992c-f613-4e52-8d15-905f35113610,"Phùng Khánh Linh chia sẻ trong Đụng Độ tập 5: ""Chị là một đứa sinh sau đẻ muộn, lúc mình được đẻ ra bố mẹ đã rất lớn tuổi rồi. Lúc đó chị đã ý thức sao bố mẹ già đi nhanh quá. Chị cứ cộng khi mình 20 tuổi bố mẹ bao nhiêu tuổi, khi mình 30 tuổi bố mẹ bao nhiêu tuổi. Cái điều đó rất đáng sợ"". 

Nếu có một điều ước Phùng Khánh Linh ước mình được sinh ra sớm hơn, có những thành công sớm hơn để khoe với bố mẹ",,2026-03-01T00:14:11.605Z,,PUBLISHED,2026-03-30T00:14:11.605Z,,,,
f7403b01-8c85-4bf8-8b53-1e8a0e752a59,f9bb992c-f613-4e52-8d15-905f35113610,"Không thiếu một ai, Jungkook đã follow đủ 4 thành viên của BLACKPINK, nâng tổng số người theo dõi hiện tại lên 108, và trong đêm nay, chắc anh còn 'thăm ngàn' tới sáng =)))",,2026-03-07T00:14:11.605Z,,PUBLISHED,2026-03-30T00:14:11.605Z,,,,
f75c8d87-3af7-4a72-9eab-91dd82390c12,057c3369-0766-457a-9b06-b8241bbfb888,"🌺 NGOẠI HÌNH CHÍNH THỨC | SỔ SỨ MỆNH 88 - NỮ THẦN NHIỆT ĐỚI 🌺

✨ Giữa khung cảnh hoàng hôn rực rỡ tại Tel Mi, hai “nữ thần” của đêm tiệc chính thức lộ diện…
💙 Tel’annas xuất hiện với vẻ ngoài dịu dàng, mái tóc đỏ thả dài cùng outfit bãi biển nhẹ nhàng, từng cử chỉ tinh tế như đang thì thầm cảm xúc vào tim bạn
🔥 Mina lại mang sắc thái quyến rũ đầy nguy hiểm, outfit táo bạo tôn lên vẻ đẹp sắc sảo, ánh mắt như muốn “giữ chặt” mọi ánh nhìn xung quanh

🌊 Hai vẻ đẹp đối lập, hai cách dẫn dắt cảm xúc. Bạn sẽ nghiêng về sự dịu êm hay đắm chìm trong mê hoặc?

🏝️ Đặt trước Sổ Sứ Mệnh 88 từ 27.3 để bước vào đêm tiệc nơi không ai thoát khỏi sức hút của các nữ thần nhiệt đới!",,2026-03-11T00:13:33.531Z,,PUBLISHED,2026-03-30T00:13:33.531Z,,,,
f78ab2f4-b7c0-4cbe-9a86-42a3a11b9c8a,cd3224bd-214e-416f-a240-a21462850c9a,"A new cozy indie game centered around players rescuing and caring for stray cats has received immense interest since it was announced. It’s not even out yet and already has 100,000 saves onto gamer wishlists.

Solvita Zacha, the CEO of Gaze In Games, stated ""Three days ago, we finally announced Cat Parents, a game we've been dreaming up and pouring our passion into...A game we'd love to play ourselves, and we never imagined that our little dream would spark interest in so many people."" 

Are you interested in playing a game like this?",,2026-03-07T00:10:58.885Z,,PUBLISHED,2026-03-30T00:10:58.885Z,,,,
f7a14103-2b26-41b3-bd64-f5023f81110a,bb264706-0be1-43ae-997a-138bca242377,"Russian President Vladimir Putin has issued a grave warning to the international community, stating that the economic fallout from the escalating war in Iran is on par with the global devastation caused by the COVID-19 pandemic. By drawing this parallel, Moscow is highlighting the massive disruption to global trade, energy security, and supply chains that have been crippled since the start of the conflict.

The comparison suggests that the world is facing a ""second great shock"" to the modern financial system. With the Strait of Hormuz increasingly contested and Iranian infrastructure under fire, the price of crude oil and liquefied natural gas (LNG) has reached levels that threaten to plunge multiple continents into a deep recession.

Financial experts suggest that while COVID-19 was a biological crisis, the ""Iran Shock"" is a structural one, dismantling the very energy corridors that the global economy relies upon for survival. The Kremlin is using this narrative to argue that the current Western-led military strategy is unsustainable and will lead to domestic political instability across Europe and North America as energy costs become unmanageable.

In his address, Putin emphasized that just as the pandemic required a coordinated global response, the current war requires an immediate diplomatic exit to prevent a total economic collapse. The statement aligns with Russia's broader goal of positioning itself as a stable alternative energy supplier, even as it faces its own set of international sanctions.

As the 48-hour deadline for the pause on energy infrastructure strikes draws near, the ""COVID-level"" warning serves as a final plea to global markets and leaders. The fear is that if the war intensifies further, the resulting inflation and scarcity will be felt by every household on the planet for years to come.

#Putin #Economy #IranWar #BreakingNews #GlobalCrisis",,2026-03-05T00:15:43.980Z,,PUBLISHED,2026-03-30T00:15:43.980Z,,,,
f7bbe1dc-796d-4572-9b3b-f1bb980becff,cd18b325-af17-4a51-899b-d917f57eb898,Phil Woolas served in the governments of both Tony Blair and Gordon Brown.,,2026-03-13T00:15:26.313Z,,PUBLISHED,2026-03-30T00:15:26.313Z,,,,
f7c5670c-7509-4b9f-9e27-45ac2483c42c,ecb51e1a-b698-40a0-95d8-2eea6e774ba4,"For almost five centuries, Norse settlers thrived in Greenland, tending livestock, trading walrus ivory, and constructing farms and churches. By the 1400s, however, the colonies had vanished. Archaeologists now study delicate artifacts and scattered ruins to uncover how this once-resilient Viking society slowly slipped from history. https://on.natgeo.com/No7qif",,2026-03-04T00:14:48.645Z,,PUBLISHED,2026-03-30T00:14:48.645Z,,,,
f7c9281f-e771-4aa7-88f9-e212db532a97,ec1e627a-5418-4713-920d-29496f252009,"Family feared their dog was dead after house explosion — but a week later hear an unexpected sound coming from the rubble... 😮❤️

Check the comments for the full story:",,2026-03-10T00:11:14.426Z,,PUBLISHED,2026-03-30T00:11:14.426Z,,,,
f7d3226e-00c3-4d5b-bd33-650b3bbff4c5,0eaf3dab-44d0-4bc9-a5ad-7ef101236200,"🚨 GIÁM SÁT HỆ THỐNG 24/7 TỰ ĐỘNG – LỖI LÀ BÁO NGAY VỚI PROMETHEUS + GRAFANA + TELEGRAM! 📊

Bạn đã bao giờ phát hiện lỗi server khi khách hàng ""báo"" chưa? Hay chỉ biết hệ thống chết khi vào xem thì đã trễ?
Đã đến lúc để hệ thống tự động ""kêu cứu"" bạn trước khi khách hàng phàn nàn! 👇

📹 Xem video hướng dẫn chi tiết: Giám Sát Hệ Thống 24/7 Tự Động | Lỗi Là Báo Ngay 🚨: facebook.com/reel/1346973564143296
🔗 Full source code + Docker Compose: github.com/fdhhhdjd/class-prometheus-grafana-telegram-alerts

I. 🔍 DỰ ÁN NÀY LÀ GÌ?
Một bộ monitoring stack hoàn chỉnh, đóng gói sẵn trong Docker, giúp bạn:
📈 Thu thập metrics từ ứng dụng Node.js (Prometheus)
📊 Hiển thị dashboard real-time (Grafana)
🚨 Gửi cảnh báo tự động đến Telegram khi có lỗi

Chỉ cần docker compose up -d, bạn đã có một hệ thống giám sát chuyên nghiệp!

II. 🧩 KIẾN TRÚC CHI TIẾT
- Node.js App (Port 8081): Ứng dụng demo, có endpoint /simulate-error để test.
- Prometheus (Port 9090): Thu thập và lưu trữ metrics (error count, response time, CPU/RAM).
- cAdvisor (Port 8082): Lấy metrics container thật (CPU, Memory).
- Grafana (Port 4000): Hiển thị dashboard + gửi alert đến Telegram.

📌 Cả stack được cấu hình sẵn: Prometheus scrape metrics, Grafana có dashboard + alert rule, Telegram bot sẵn sàng!

III. 🎯 TEST THỬ ALERT TELEGRAM NGAY!
1️⃣ Mở Grafana dashboard
2️⃣ Truy cập http://localhost:8081/simulate-error vài lần
3️⃣ Quay lại Grafana – trong vòng 30 giây, bạn sẽ thấy alert chuyển sang ""Firing""
4️⃣ Kiểm tra Telegram – tin nhắn cảnh báo đã được gửi tự động!

IV.💡 VÌ SAO NÊN DÙNG?
✅ Zero config: Cấu hình alert, dashboard, data source đã có sẵn
✅ Chạy local ngay: Không cần tài khoản cloud
✅ Học thực tế: Hiểu rõ cách Prometheus + Grafana + Alertmanager hoạt động
✅ Ứng dụng ngay: Có thể dùng cho dự án thật chỉ bằng cách thay đổi target

⭐ P/S: Bạn muốn nắm vững DevOps, giám sát hệ thống và xây dựng ứng dụng thực chiến?
👉 Kết nối với Thầy ngay – Mentor 1:1, dạy kèm cá nhân hóa, giúp bạn hiểu sâu và làm chủ công nghệ! 🚀

#Prometheus #Grafana #DevOps #Monitoring #Docker #VibeCoding #LapTrinhVien #SinhVienIT",,2026-03-02T00:16:04.885Z,,PUBLISHED,2026-03-30T00:16:04.885Z,,,,
f7e7baf8-081e-445c-b2fe-770636b77f1d,ecb51e1a-b698-40a0-95d8-2eea6e774ba4,When you hear your neighbors fighting,,2026-03-10T00:14:30.673Z,,PUBLISHED,2026-03-30T00:14:30.673Z,,,,
f7e8a59e-9240-44e6-985b-ce27403dca79,ecb51e1a-b698-40a0-95d8-2eea6e774ba4,"Guided by rangers and community members in Laos, who have lived alongside ancient forests for generations, WCS’s Manoly Sisavanh learned to experience the landscapes more deeply. #InternationalDayofForests

",,2026-03-26T00:14:30.674Z,,PUBLISHED,2026-03-30T00:14:30.674Z,,,,
f810bc41-0fb7-457b-99cd-baff9aba0be3,30136847-6d1f-422e-8305-905be06557ab,"🇻🇳 TUYÊN DƯƠNG 👏

---
🥇✨  Tặng Bằng khen của Chủ tịch UBND Thành phố Hà Nội cho 7 cá nhân đã có thành tích xuất sắc đột xuất, cứu sống người dân trong vụ cháy tại ngõ 218 Lĩnh Nam, phường Hoàng Mai

1. Ông Nguyễn Lê Tú, quê quán: xã Văn Giang, tỉnh Hưng Yên, Sinh viên Đại học Bách khoa Hà Nội (tạm trú tại tổ 15 - Lĩnh Nam, phường Hoàng Mai);

2. Ông Nguyễn Văn Cường, quê quán: xã Quảng Châu, tỉnh Nghệ An (tạm trú tại tổ 15 - Lĩnh Nam, phường Hoàng Mai);

3. Ông Nguyễn Tiến Long, hộ khẩu thường trú tại tổ 15 - Lĩnh Nam, phường Hoàng Mai;

4. Ông Nguyễn Văn Đáp, quê quán: xã Hải An, tỉnh Ninh Bình (tạm trú tại tổ 15, phường Hoàng Mai);

5. Ông Nguyễn Văn Nghĩa, quê quán: xã Hải An, tỉnh Ninh Bình (tạm trú tại tổ 15, phường Hoàng Mai);

6. Trung tá Nguyễn Tuấn Anh, Cán bộ Đội CC&CNCH KV số 9 - phòng PC07 Công an thành phố Hà Nội.

7. Đại úy Nguyễn Văn Huy, Cán bộ Đội CC&CNCH KV số 12 - phòng PC07 Công an thành phố Hà Nội

---
🤳 (người dân): Vừa qua, vụ cháy tại ngõ 218 Lĩnh Nam đã khiến nhiều người không khỏi thót tim. 

Nhưng chính trong khoảnh khắc hiểm nguy tột độ ấy, tình người và lòng dũng cảm lại rực sáng hơn bao giờ hết. 

Các công dân bình dị cùng lực lượng chức năng đã không màng hiểm nguy, lao vào ngọn lửa để cứu sống các nạn nhân...",,2026-03-06T00:14:48.858Z,,PUBLISHED,2026-03-30T00:14:48.858Z,,,,
f83d48b8-8189-4a21-857a-e70691325b37,1a6f6984-0412-402d-8409-78bad5452cae,"The spyware founder's comments are the most direct suggestion yet from anyone inside Intellexa that the Mitsotakis government authorized the hacking of dozens of phones belonging to senior Greek government ministers, opposition leaders, military officials, and journalists.",,2026-03-30T00:17:15.309Z,,PUBLISHED,2026-03-30T00:17:15.309Z,,,,
f841fab9-86b8-4f7a-9a27-435325e66776,ec1e627a-5418-4713-920d-29496f252009,Imagine being reunited with a lost loved one after 2 years 🥹,,2026-03-20T00:11:14.426Z,,PUBLISHED,2026-03-30T00:11:14.426Z,,,,
f8514862-e6c9-41d6-8b1c-3a2f39e8af2d,da5067ec-f3ee-4cc9-8111-31d5f71e5ac9,"Với Hoàng Hên, Dark Magic của thầy Sik có thể lên một tầm cao mới 🪄🎩",,2026-03-30T00:16:58.196Z,,PUBLISHED,2026-03-30T00:16:58.196Z,,,,
f851a20b-9089-49cd-abb6-4428f25c0637,d7497b01-a9a0-4cd7-8999-666a8ca37779,"Một công việc không giờ hành chính, không luật lệ, không gò bó… Sự thoải mái của làm freelance giúp bạn được lựa chọn việc mình thích nhưng cũng phải… tự tìm lấy “việc mình thích” để làm. Vậy đến cuối cùng thì làm freelance là tự do hay tự lo?
#tingting",,2026-03-13T00:12:04.667Z,,PUBLISHED,2026-03-30T00:12:04.667Z,,,,
f861d74d-80e5-4835-8c36-705ab79a84d0,cd18b325-af17-4a51-899b-d917f57eb898,Will the government stick to its big immigration shake-up or water it down? BBC political editor Chris Mason asks.,,2026-03-15T00:15:26.313Z,,PUBLISHED,2026-03-30T00:15:26.313Z,,,,
f87b9844-1bab-45e5-a53e-cb76d4cdbf24,e8d1164d-ee22-4eba-a810-d920f32c6091,FRIENDLY CREEPER IN MINECRAFT 💀 #shorts  #minecraft #minecraftmemes #minecraftbuilds #minecraftpe #minecraftmods,,2026-03-09T00:13:33.318Z,,PUBLISHED,2026-03-30T00:13:33.318Z,,,,
f87e995a-e1cb-46ae-8adc-ef1edf52a2f3,56257f1b-41d6-4f2e-9ef2-9195f5117a85,"Anime chuyển thể từ webtoon ""The Beginning After The End"" sẽ chính thức trở lại vào mùa 2 vào ngày 1 tháng 4 sắp tới.

#taihennet #taihenvn",,2026-03-18T00:11:30.414Z,,PUBLISHED,2026-03-30T00:11:30.414Z,,,,
f8d8ecd3-b00b-45a4-b6c6-87d39d65b197,160b6d37-539a-4c4c-8d0f-60674c5e1575,"Miley Cyrus has finally addressed the long-running rumours that she shaded Jennifer Lawrence in her Flowers music video—and she’s setting the record straight.

Fans had speculated that the gold dress Cyrus wore in the 2023 video was a subtle reference to a similar gown worn by Lawrence at a Hunger Games premiere, fuelling theories of a hidden dig.

But speaking in a recent TikTok clip, Cyrus shut that idea down.

“No,” she said when asked if the dress was a reference—before adding, “But I love that dress of hers.”

The rumours originally gained traction due to Lawrence’s past connection with Cyrus’s ex-husband, Liam Hemsworth. While filming The Hunger Games, Lawrence previously admitted the pair shared a kiss—but only after Hemsworth and Cyrus had already split.

Cyrus and Hemsworth famously had an on-off relationship spanning over a decade, eventually marrying in 2018 before divorcing two years later. Their breakup is widely believed to have inspired Flowers, one of Cyrus’s biggest hits.

Lawrence has also addressed the speculation in the past, firmly denying any overlap in her relationship with Hemsworth and calling the rumours “really upsetting.”

With Cyrus now speaking out, it seems the viral theory can finally be put to rest.",,2026-03-18T00:14:30.443Z,,PUBLISHED,2026-03-30T00:14:30.443Z,,,,
f8f8cb3c-704f-481c-a171-6900db0f028c,fd5b4d2b-1788-4bac-a8c6-2d738376737c,20 Best Michael B. Jordan Movies and TV Shows of All Time Ranked,,2026-03-25T00:13:50.911Z,,PUBLISHED,2026-03-30T00:13:50.911Z,,,,
f90ac1c5-5111-403b-a8da-74b0065a9837,30136847-6d1f-422e-8305-905be06557ab,NEW: President Trump says Iran asked for a seven-day extension on his power plant destruction threat but he gave them ten days.,,2026-03-23T00:15:04.067Z,,PUBLISHED,2026-03-30T00:15:04.067Z,,,,
f915ded5-f781-48af-848c-a8c4c0e14fe7,56257f1b-41d6-4f2e-9ef2-9195f5117a85,"QUÁ ĐÃ: FRIEREN ĐỔ BỘ UNIVERSAL STUDIOS, CHO PHÉP KHÁCH DU LỊCH TRỞ THÀNH LỮ HÀNH, VÀ GẶP GỠ CÁC NHÂN VẬT TRONG ANIME 

Công viên chủ đề Universal Studios Japan vừa xác nhận lần hợp tác đầu tiên với thương hiệu anime nổi tiếng Frieren: Beyond Journey's End, mở ra một sự kiện kéo dài từ ngày 1 tháng 5 đến năm 2027.

Trọng tâm của đợt hợp tác là khu trải nghiệm mang tên ""Tsuioku no Tabi"" (Chuyến du hành vào hồi ức), được thiết kế theo dạng ""Story Walk"", và cho phép người tham gia không chỉ quan sát mà còn trực tiếp nhập vai thành lữ khách. 

Trong đó, du khách sẽ đặt chân đến thành phố ma pháp Äußerst, gặp gỡ bộ ba quen thuộc Frieren, Fern và Stark, đồng thời được dẫn dắt vào thư viện của Hiệp hội Ma pháp Lục địa.

Điểm đặc biệt nằm ở cách kể chuyện mang tính tương tác. Thông qua một cuốn cổ thư, hành trình ""trải nghiệm quá khứ"" được mở ra, cho phép người tham gia sống lại những ký ức trong mạch truyện. 

Không gian này còn tích hợp hệ thống màn hình lớn để có thể chứng kiến các chiêu thức đặc biệt như Zoltraak, tạo cảm giác nhập vai rõ rệt hơn so với các mô hình trưng bày thông thường.

Ngoài ra, nhiều biểu tượng trong phim như cây trượng của Frieren hay tượng anh hùng Himmel cũng được tái hiện trong khu triển lãm, góp phần tăng tính nhận diện và chiều sâu trải nghiệm.

Bạn nghĩ sao về trải nghiệm đỉnh cao trên?

Nguồn: ANN via TAIHEN.
#taihennet #taihenvn",,2026-03-04T00:11:30.413Z,,PUBLISHED,2026-03-30T00:11:30.413Z,,,,
f919cfc6-37d3-4c27-bbaa-29c867c3882f,ecb51e1a-b698-40a0-95d8-2eea6e774ba4,"In the mist-draped cloud forests of the Andes, this vivid canopy dweller glows like a hidden ember among the leaves. Its bright orange breast contrasts against deep greens as it moves quietly through mossy branches and fruiting trees. It feeds on soft fruits, occasionally taking insects, carefully selecting each bite in the cool mountain air. What makes it extraordinary is its role as a highland seed carrier — spreading life across steep, fragmented forests where few animals can travel far. A flash of fire in the mountain mist, yet a gentle gardener of the cloud forest.

Orange-breasted Fruiteater 👇

#OrangeBreastedFruiteater #CloudForestBirds #AndeanWild 🐦🌿",,2026-03-29T00:14:48.644Z,,PUBLISHED,2026-03-30T00:14:48.644Z,,,,
f920c42e-9b9e-449f-8f8c-f140b2d47f93,ec1e627a-5418-4713-920d-29496f252009,Police officer runs into tornado to save best friend ❤️,,2026-03-29T00:11:14.426Z,,PUBLISHED,2026-03-30T00:11:14.426Z,,,,
f92f72bb-2dbf-41a6-8440-f6d6bdcd154a,5a3c02df-6c93-4aae-b63e-f598c32df599,These are the films to watch at the cinema and stream at home this month: https://bbc.in/4ch01eL,,2026-03-15T00:11:49.085Z,,PUBLISHED,2026-03-30T00:11:49.085Z,,,,
f95d2e78-6cfa-4c67-8c89-e5eb2541f2fd,2511bcf1-0466-4d80-b869-d52e723331aa,Vision ➕ Execution 👀,,2026-03-24T00:16:37.930Z,,PUBLISHED,2026-03-30T00:16:37.930Z,,,,
f96abeb3-8d3a-4f91-8a9d-c6fd01d3b345,b1880d5a-11cc-408c-baa2-55dd1b4cc000,Bạn có đang buộc khăn như thế này không?  #melamdep #phoidonu #phoidoxinh #thoitrang,,2026-03-07T00:12:20.962Z,,PUBLISHED,2026-03-30T00:12:20.962Z,,,,
f9716eb3-59da-48c0-875b-393f7f9e71e4,06339fa5-01b2-495c-8f7d-a40e941ceecf,"CHẬT VẬT TRẢ NỢ VAY MUA NHÀ

Lãi suất tăng nhanh, khoản trả nợ ngân hàng mỗi tháng tăng gấp rưỡi, thậm chí gấp đôi, khiến nhiều người vay mua nhà rơi vào cảnh chật vật.👇",,2026-03-01T00:15:04.279Z,,PUBLISHED,2026-03-30T00:15:04.279Z,,,,
f99a1595-879f-4b09-a2e2-7c81ceb88932,0eaf3dab-44d0-4bc9-a5ad-7ef101236200,"9 BUG TƯ DUY MÀ SINH VIÊN IT NÀO CŨNG DÍNH - KỂ CẢ BẠN 

| Tác giả: Code Toàn Bug  
Bạn nghĩ dân IT thì logic lắm hả? Nghĩ vậy là sai rồi. Cái não người không chạy trên thuật toán tối ưu đâu - nó chạy trên một đống legacy code từ thời tiến hóa, đầy bug mà không ai thèm fix. Và đây là 9 cái bug kinh điển mà mình thấy sinh viên IT nào cũng dính, kể cả mình :)

1. BUG ""MIỄN PHÍ"" - CÁI BẪY COST = 0

Udemy sale 99% còn 29k? Mua. Khóa học free trên YouTube dài 47 tiếng? Lưu playlist. Ebook free 2000 trang? Tải hết.
Rồi sao? Rồi không học gì cả.

Cái chữ ""FREE"" nó hack não bạn ở tầng sâu hơn cả root access. Khi thấy ""miễn phí"", não bạn tắt hết mọi đánh giá - nó không so sánh chất lượng, không tính thời gian cơ hội, không cân nhắc gì hết. Nó chỉ biết: free = lấy đi.

// Fix: Trước khi nhấn ""Enroll"" hay ""Download"", hỏi: ""Nếu cái này giá 500k, mình có mua không?"" Nếu không - thì nó cũng không đáng cái thời gian free của bạn. Thời gian không free đâu bạn ơi :)

2. BUG ""MỎ NEO"" - LƯƠNG ĐẦU TIÊN NEO CẢ ĐỜI

Sinh viên mới ra trường, công ty đầu tiên trả 8 triệu. Bạn chấp nhận vì ""mới ra trường mà"". Hai năm sau nhảy việc, đòi 15 triệu - thấy tăng gần gấp đôi, sướng quá.

Nhưng khoan. Nếu bạn cùng khóa của bạn cùng trình độ mà công ty đầu tiên trả 12 triệu, hai năm sau đòi 22 triệu. Cùng tốc độ tăng, nhưng con số tuyệt đối khác nhau một trời.

Cái lương đầu tiên nó giống cái initialValue trong reduce() vậy - nhỏ hay lớn thì kết quả cuối cùng phụ thuộc vào nó hết.

// Fix: Đừng bao giờ chấp nhận lời mời đầu tiên vì ""biết ơn được nhận"". Tìm hiểu kỹ mức lương thị trường. Cái mỏ neo ban đầu mà sai, bạn sẽ mất vài năm để căn chỉnh lại.

3. BUG ""SO SÁNH TƯƠNG ĐỐI"" - CÁI BẪY COMPARETO()

Bạn không biết iPhone 16 đắt hay rẻ - cho đến khi thấy nó đặt cạnh iPhone 16 Pro Max. Bỗng nhiên cái thường trông ""hợp lý"" hẳn.
Sinh viên IT cũng vậy. Bạn không đánh giá bản thân theo năng lực thật - bạn đánh giá bằng cách so với người ngồi cạnh. Bạn ấy biết Docker mà bạn không biết? Hoảng. Bạn biết Vim mà bạn ấy không biết? Tự hào.

Nhưng cả hai cái đánh giá đó đều vô nghĩa. Bạn đang tối ưu cho chỉ số sai.

// Fix: So sánh with chính bạn của 6 tháng trước. Nếu bạn hôm nay deploy được cái mà bạn 6 tháng trước không hiểu - đó mới là tiến bộ thật.

4. BUG ""KỲ VỌNG"" - EXPECTATIONS OVERRIDE REALITY

Cùng một đoạn code, nếu mình nói ""cái này viết bởi senior engineer 10 năm kinh nghiệm"" thì bạn sẽ đọc khác. Bạn sẽ thấy nó ""clean"", ""có ý đồ"", ""chắc có lý do"". Nhưng nếu mình nói ""fresher viết"" thì bạn sẽ tìm bug ngay.

Cùng một thực tế, kỳ vọng khác nhau → trải nghiệm khác nhau.
Ứng dụng thực tế: Khi đi phỏng vấn, cái cách bạn định vị bản thân quan trọng không kém năng lực thật. Nếu bạn mở đầu bằng ""em mới ra trường, em chưa biết nhiều"" thì người phỏng vấn sẽ thật sự thấy bạn kém hơn - dù code bạn viết y chang người tự tin ngồi cạnh.

// Fix: Kỳ vọng là một biến ẩn ảnh hưởng mọi thứ. Khi đánh giá code, sản phẩm, hay con người - tách cái bạn thấy ra khỏi cái bạn mong đợi sẽ thấy.

5. BUG ""GIỮ CỬA"" - WHILE(TRUE) { KEEPALLOPTIONSOPEN(); }

Bạn muốn học Frontend. Nhưng cũng muốn giữ lựa chọn Backend. À mà Data Science cũng hot. AI thì khỏi nói. DevOps lương cao. Blockchain biết đâu quay lại...

Kết quả? Bạn biết tất cả ở mức ""Hello World"" và không giỏi cái gì cả.

Cái bản năng ""giữ mọi cánh cửa mở"" nó nghe có vẻ thông minh, nhưng thực tế nó là memory leak - bạn allocate attention cho mọi thứ mà không free cái nào, cho đến khi hệ thống crash.

// Fix: Chọn một stack chính. Commit vào nó ít nhất 6 tháng. Các ""cánh cửa"" khác không biến mất đâu - nhưng nếu bạn cứ đứng ở hành lang thì bạn chẳng vào phòng nào cả :)
git commit -m ""chọn một thứ và làm cho tử tế đi""

6. BUG ""SỞ HỮU"" - THIS.MYCODE > OTHERCODE (LUÔN LUÔN)

Bạn viết một cái function. Nó chạy. Bạn yêu nó. Reviewer góp ý ""nên refactor lại"" - bạn phòng thủ ngay.

Đây không phải vì code bạn tốt. Đây là vì nó của bạn. Con người đánh giá thứ mình sở hữu cao hơn giá trị thật của nó - luôn luôn. Bạn bỏ 3 tiếng viết cái function đó, nên não bạn tự gán thêm ""giá trị tình cảm"" vào. Nhưng reviewer không có sự gắn bó đó - họ chỉ thấy code.

// Fix: Trước code review, tưởng tượng đoạn code đó do người khác viết. Bạn có approve không? Nếu không thì tự refactor trước khi bị người ta chỉ ra :)

7. BUG ""TRÌ HOÃN"" - SETTIMEOUT(DOWORK, INFINITY)

""Tối nay về làm."" ""Cuối tuần làm."" ""Tuần sau bắt đầu."" ""Tháng sau chắc rảnh hơn.""

Mình biết bạn biết lý thuyết: deadline quan trọng, phải bắt đầu sớm, chia nhỏ task. Bạn biết hết. Nhưng biết và làm là hai process chạy trên hai thread khác nhau, và cái thread ""làm"" luôn bị CPU của Netflix, TikTok, và ""nghỉ thêm 5 phút"" chiếm hết.

Vấn đề không phải bạn lười. Vấn đề là cái ""bạn của hiện tại"" luôn đẩy việc khó cho ""bạn của tương lai"" - một phiên bản mà bạn tưởng tượng là siêu nhân, nhưng thực ra cũng y chang bạn bây giờ, cũng muốn lướt TikTok.

// Fix: Đặt deadline giả trước deadline thật 3 ngày. Hoặc tốt hơn - tìm một người bạn commit cùng: ""Nếu mình không push code trước thứ 5, mình mất 200k."" Ràng buộc bên ngoài mạnh hơn ý chí bên trong.

git commit -m ""đừng tin phiên bản tương lai của chính mình""

8. BUG ""CHUẨN XÃ HỘI VS. CHUẨN THỊ TRƯỜNG"" - KHI TIỀN PHÁ HỎNG MỌI THỨ 

Bạn đang contribute open source vì đam mê, vì muốn học, vì community. Vui vẻ. Rồi ai đó nói: ""Mình trả bạn 200k cho cái PR này.""

Bỗng nhiên, mọi thứ thay đổi. Bạn bắt đầu tính: 200k cho PR này có đáng không? Thời gian bỏ ra bao lâu? Tính ra tiền theo giờ là bao nhiêu? Cái niềm vui lúc trước - biến mất.

Có hai hệ quy chiếu vận hành song song: chuẩn xã hội (tình cảm, đam mê, giúp đỡ) và chuẩn thị trường (tiền, giá, deal). Khi bạn kéo thị trường vào một mối quan hệ xã hội, rất khó quay lại.

// Fix: Phân biệt rõ: Cái gì bạn làm vì đam mê - giữ nó ở chuẩn xã hội. Cái gì bạn làm vì tiền - thương lượng đàng hoàng, đừng ngại đòi đúng giá. Đừng trộn lẫn hai thứ, không thì mất cả hai.

9. BUG ""CHI PHÍ CHÌM"" - REFUSE TO GIT RESET --HARD

Bạn đã học Java 2 năm. Bạn phát hiện bạn thích Python hơn, phù hợp hơn, thị trường cần hơn. Nhưng bạn nghĩ: ""Mình đã bỏ 2 năm cho Java rồi, bỏ bây giờ phí quá.""

2 năm đó đã mất rồi bạn ơi. Bạn có học tiếp Java hay không, 2 năm đó cũng không quay lại. Quyết định đúng phải dựa trên tương lai, không phải trên những gì đã chi.

Nhưng não bạn không chịu. Nó cứ bám vào sunk cost như bám vào cái branch đã conflict 500 file mà vẫn không chịu abandon.

// Fix: Mỗi 6 tháng, tự hỏi: ""Nếu hôm nay mình bắt đầu lại từ đầu, mình có chọn con đường này không?"" Nếu không - thì git reset --hard và chuyển hướng. Đau 1 lần còn hơn kéo lê cả đời.

git commit -m ""quá khứ là read-only, đừng cố write vào nó""

LỜI KẾT 
Bạn là sinh viên IT. Bạn giỏi debug code. Nhưng cái khó nhất không phải debug chương trình - mà là debug chính cái đầu bạn.

Não người là một hệ thống legacy, production từ hàng triệu năm trước, không có documentation, không ai maintain, và đầy những ""feature"" mà thực ra là bug. Bạn không fix được nó hoàn toàn - nhưng bạn có thể nhận ra khi nó đang chạy sai.

Và nhận ra - đôi khi đã là đủ.

git commit -m ""biết mình ngu ở đâu cũng là một dạng thông minh""

Nếu bạn đọc đến đây mà thấy đúng ít nhất 3 cái - chúc mừng, bạn là người bình thường. Giờ đi code đi. :)""",,2026-03-20T00:16:04.885Z,,PUBLISHED,2026-03-30T00:16:04.885Z,,,,
f99f2a36-2cdf-471a-a706-35c0388d210d,d77e34f7-4fb7-4847-9876-d7e52dbc0739,"Spring into the season with our latest math puzzle about gardening!
",,2026-03-09T00:16:22.181Z,,PUBLISHED,2026-03-30T00:16:22.181Z,,,,
f9df08a4-53e7-45cb-8d17-e9cb965c0de8,ec1e627a-5418-4713-920d-29496f252009,"Dog with deformed mouth set to be euthanized, then vet takes a look at his X-ray and makes a huge decision... full story in comments 👇🏻😢",,2026-03-04T00:11:14.426Z,,PUBLISHED,2026-03-30T00:11:14.426Z,,,,
fa6091ed-608a-4f11-a06f-45c445070923,65c58780-4703-4009-8925-921f4924b4d7,"Làm Creme brulee nhưng không hề cháy miếng nào

Đón xem Vua Đầu Bếp Mỹ - Master Chef có bản quyền chính thức tại DANET - Dịch vụ cung cấp nội dung theo yêu cầu của BHD.

#MasterchefUS #MasterChef #VuaDauBep",,2026-03-06T00:12:41.885Z,,PUBLISHED,2026-03-30T00:12:41.885Z,,,,
fab1d464-418f-41b5-b42d-e7d4f8d00607,2b9222fa-bd4b-4cfe-a301-f8e31cde883a,"Một con track cực gắt của 2 rapper Midbiee và DienGi vừa được ra mắt, và chắc chắn là quả ảnh của post này rất 'ĐỐI LẬP' rồi (pết cố tình lựa đấy 🐧)

Nếu cảm thấy muốn đổi gió với sexy drill, vào nghe thử track này của Midbiee và DienGi nhóe 😘

#GhienAmNhac #DoiLap #Midbiee #DienGi #music #rap",,2026-03-02T00:14:11.810Z,,PUBLISHED,2026-03-30T00:14:11.810Z,,,,
fabb32c7-cbc5-44bb-a205-30100373e711,5a3c02df-6c93-4aae-b63e-f598c32df599,"Gen Z is picking and choosing things to appreciate about China's culture and advanced tech at the same time they are questioning US capitalism.

(Credit: Carl Godfrey for Business Insider)

#genz #china #culture #capitalism",,2026-03-27T00:11:49.083Z,,PUBLISHED,2026-03-30T00:11:49.083Z,,,,
fae121d2-389a-4998-8212-854e3dafd084,a6f43c21-de9d-4c11-b41d-c22d63b8579f,"Bí thư Khánh Hòa Nghiêm Xuân Thành giữ chức Ủy viên Ủy ban Kiểm tra Trung ương

Theo thông báo Hội nghị Trung ương 2 phát hành chiều 25/3, Ban Chấp hành Trung ương Đảng đã bầu bổ sung ông Nghiêm Xuân Thành, Ủy viên Trung ương Đảng, Bí thư Tỉnh ủy Khánh Hòa, giữ chức Ủy viên Ủy ban Kiểm tra Trung ương khóa XIV, nhiệm kỳ 2026-2031.
Ủy ban Kiểm tra Trung ương là cơ quan kiểm tra, giám sát chuyên trách của Ban Chấp hành Trung ương, thực hiện các nhiệm vụ, quyền hạn theo quy định của Điều lệ Đảng.
Đây là cơ quan tham mưu, giúp Ban Chấp hành Trung ương, Bộ Chính trị, Ban Bí thư chỉ đạo, hướng dẫn và tổ chức thực hiện nhiệm vụ kiểm tra, giám sát và kỷ luật của Đảng.
Sau khi bầu bổ sung, Ủy ban Kiểm tra Trung ương có 23 Ủy viên. Người đứng đầu là ông Trần Sỹ Thanh, Chủ nhiệm Ủy ban Kiểm tra Trung ương.
Các Phó Chủ nhiệm Ủy ban Kiểm tra Trung ương gồm các ông, bà: Trần Tiến Hưng (Phó Chủ nhiệm Thường trực); Nguyễn Hồng Lĩnh, Trần Thị Hiền, Hà Quốc Trị, Đoàn Anh Dũng, Đinh Hữu Thành, Nguyễn Minh Quang và Lê Văn Thành.",,2026-03-01T00:15:44.195Z,,PUBLISHED,2026-03-30T00:15:44.195Z,,,,
faee664e-b44b-4ac6-a6d0-2d37eedb7bc8,b1880d5a-11cc-408c-baa2-55dd1b4cc000,Quy tắc hack dáng có thể bạn chưa biết  #melamdep #phoidonu #phoidoxinh #thoitrang,,2026-03-10T00:12:20.960Z,,PUBLISHED,2026-03-30T00:12:20.960Z,,,,
faf6a8fd-0938-4e04-a0b6-d35e6fa6b91c,da5067ec-f3ee-4cc9-8111-31d5f71e5ac9,"Tỏa sáng với 1 kiến tạo. Guler giúp Thổ Nhĩ Kỳ đánh bại Romania và đặt 1 chân vào VCK World Cup 🇹🇷😳

✅ Chỉ cần đánh bại Slovakia/Kosovo ở trận chung kết Play-off. Ngôi sao 21 tuổi của Real Madrid cùng các đồng đội sẽ giành vé đến Mỹ 💪",,2026-03-09T00:16:58.197Z,,PUBLISHED,2026-03-30T00:16:58.197Z,,,,
fb2eb28b-d99a-4ea5-943f-d0951a023d3b,201ca225-be01-440e-94d0-8de62bff41b0,"A large-scale analysis of U.S. water quality data published last year revealed that most toxic chemicals remain poorly characterized or undetected in routine monitoring. 

The findings in Science suggest that the true scale of chemical risk to biodiversity and ecosystems may be significantly underestimated. 

Learn more on #WorldWaterDay: https://scim.ag/46lsAok",,2026-03-19T00:16:21.988Z,,PUBLISHED,2026-03-30T00:16:21.988Z,,,,
fb33ca81-07ee-41e4-9bad-93550c62717c,e8d1164d-ee22-4eba-a810-d920f32c6091,Fishing Rod Can Teleport You In Minecraft  #minecraft #minecraftmemes #minecraftbuilds #minecraftpe #minecraftmods,,2026-03-17T00:13:33.318Z,,PUBLISHED,2026-03-30T00:13:33.318Z,,,,
fb8a4254-2532-41b5-b5e4-651951821d0f,e6eecc77-6d92-46df-b92d-7ee2391ae019,"Kalshi said its new features were aimed at preventing ""bad actors"" in sports and politics from engaging in insider trading. https://bit.ly/4bJQRpd",,2026-03-04T00:16:58.389Z,,PUBLISHED,2026-03-30T00:16:58.389Z,,,,
fbcf88b3-bb14-4aab-908e-8c346c6e3ae2,65c58780-4703-4009-8925-921f4924b4d7,Bò lá lốt mỡ chài siu ngon. #diadiemanuong #diadiemanngon #reviewanuong #reviewanngon #nsaigon #food #foodie #foodreview #ansapsaigon #amthuc #amthucviet #anvat #anvatsaigon #Monngonmoingay #monngon #anngon #anngonnaungon #vivusaigon #chill #amthucsaigon #amthucduongpho #vietnamesefood #ShopeeFood #saigonangi #foodlover,,2026-03-06T00:13:00.626Z,,PUBLISHED,2026-03-30T00:13:00.626Z,,,,
fc30cefa-4f5e-4c47-a6fd-5f3ab0842b09,057c3369-0766-457a-9b06-b8241bbfb888,"This might be one of the wildest gaming ideas we have seen in a while. A German startup called Zestum is building the Scentbar, a device meant to add real-time smells to games, movies, and streams for a more immersive experience.

According to Zestum and recent coverage, the hardware uses 10 scent slots and software that syncs smells to what is happening on screen. The company is also planning launch scent sets like nature, racing, and action, which makes it clear they are aiming for different genres right from the start.

Smelling forests, burnt rubber, or explosions while gaming sounds futuristic, but it also raises one big question about whether players actually want this at home. Would you try scent-based gaming, or is this a feature you would skip? 👀",,2026-03-16T00:13:33.531Z,,PUBLISHED,2026-03-30T00:13:33.531Z,,,,
fc8723a5-410a-4623-b38e-001ea5504e0c,4bc7eff0-091a-45f8-84ca-72276cc4fc1e,"BREAKING: President Trump announces Kristi Noem is out as head of Homeland Security, picking Oklahoma Sen. Markwayne Mullin to replace her.",,2026-03-16T00:15:25.606Z,,PUBLISHED,2026-03-30T00:15:25.606Z,,,,
fcd862e0-337a-4ab0-97fc-cc0033291c88,057c3369-0766-457a-9b06-b8241bbfb888,"🔥 CHÍNH THỨC MỞ BÁN VÉ: SUPER SUNDAY - WATCH PARTY 05/04 - FPT vs 1S!

​
#AOGS26 #DeclaringTheNewEra #WatchParty #realme16ChuẩnEsports #SứcMạnhRealSiêuChiếnTích #ShopeePayVN #ShopeePayxAOGS26",,2026-03-08T00:13:33.529Z,,PUBLISHED,2026-03-30T00:13:33.529Z,,,,
fcf05c90-1b7d-44bb-b1e8-b48bd556a8eb,1a6f6984-0412-402d-8409-78bad5452cae,"From redirecting doomscrolling to training humanoid robots, these 16 startups stood out as the most interesting ones from an overflowing YC cohort.",,2026-03-04T00:16:58.584Z,,PUBLISHED,2026-03-30T00:16:58.584Z,,,,
fcf25398-901c-4056-8038-e8172e3799a7,4bc7eff0-091a-45f8-84ca-72276cc4fc1e,"BREAKING: Pilot and co-pilot killed after a passenger jet struck a fire truck at LaGuardia Airport, sources say. Follow live updates.",,2026-03-19T00:15:04.498Z,,PUBLISHED,2026-03-30T00:15:04.498Z,,,,
fd33b640-a07f-4b44-b482-00ec03be4038,4bc7eff0-091a-45f8-84ca-72276cc4fc1e,"BREAKING: Commerce Secretary Howard Lutnick to testify in the House Oversight Committee's Jeffrey Epstein probe, chairman says.",,2026-03-26T00:15:25.606Z,,PUBLISHED,2026-03-30T00:15:25.606Z,,,,
fd88426a-91fc-49cf-bc75-5c95f5362513,06339fa5-01b2-495c-8f7d-a40e941ceecf,"NỖI KHỔ CỦA 'TỘI PHẠM ĐẸP TRAI NHẤT THẾ GIỚI'

Bất ngờ nổi tiếng nhờ bức ảnh thẻ nhà tù, Jeremy Meeks lại rơi vào tình huống dở khóc dở cười khi liên tục được người lạ đến hỏi han, chiếm hết thời gian thăm nom của vợ con",,2026-03-12T00:15:04.280Z,,PUBLISHED,2026-03-30T00:15:04.280Z,,,,
fda0ede1-4c68-4358-b062-fcfc573e70b1,1a6f6984-0412-402d-8409-78bad5452cae,"Relatively light at just 2 billion parameters, the model is meant for use with consumer-grade GPUs for those who want to self-host it. It currently supports 14 languages.",,2026-03-13T00:17:15.308Z,,PUBLISHED,2026-03-30T00:17:15.308Z,,,,
fda2b5fd-8b48-4ef2-b19f-b37c34af5806,e80c9d9f-94e9-46db-85a6-1a3fd705818b,BLG leo lên Top 1 thế giới sau khi vô địch #FST2026 😎,,2026-03-03T00:13:17.514Z,,PUBLISHED,2026-03-30T00:13:17.514Z,,,,
fdacfdb2-f107-4ec1-8449-e509a7517f2c,65c58780-4703-4009-8925-921f4924b4d7,"Các thần đồng nhí đã quay lại và lợi hại hơn xưa

Đón xem Vua Đầu Bếp Mỹ - Master Chef có bản quyền chính thức tại DANET - Dịch vụ cung cấp nội dung theo yêu cầu của BHD.
#MasterchefUS #MasterChef #VuaDauBep #hh",,2026-03-09T00:12:41.886Z,,PUBLISHED,2026-03-30T00:12:41.886Z,,,,
fdd4cb4a-20d7-4ebc-9d54-4db02ae89b99,063ce956-10ac-4677-a744-7ad0b829f7a0,"🔥 PHỐ WALL ĐỎ LỬA: Fed giữ nguyên lãi suất, DOW JOINS BAY 768 ĐIỂM 

VÀNG SẬP GIÁ; CHÚ BÁN DẦU BỐC ĐẦU!",,2026-03-24T00:12:20.516Z,,PUBLISHED,2026-03-30T00:12:20.516Z,,,,
fdd818a3-bbbc-40c0-9945-87fd6f36f624,f9bb992c-f613-4e52-8d15-905f35113610,"Sau thời gian dài im ắng, Kellie – thí sinh từng gây chú ý tại Rap Việt mùa 2 trong đội của Binz đã trả lời bình luận trong một bài đăng thắc mắc về cuộc sống hiện tại của cô.

Trên nền tảng Threads, nữ rapper sinh năm 2004 cho biết cô đã trở thành mẹ. Theo Kellie, hành trình làm mẹ giúp cô trưởng thành hơn, biết suy nghĩ chín chắn và trân trọng những gì đang có.

Bên cạnh đó, Kellie cũng gửi lời xin lỗi đến khán giả về những ồn ào và hành xử chưa phù hợp trong quá khứ. Cô bày tỏ sự biết ơn khi vẫn nhận được sự quan tâm của công chúng dù đã rời xa hoạt động nghệ thuật một thời gian.

Hiện tại, nữ rapper đã chuyển các tài khoản mạng xã hội sang chế độ riêng tư để tập trung cho cuộc sống cá nhân.",,2026-03-19T00:14:11.606Z,,PUBLISHED,2026-03-30T00:14:11.606Z,,,,
fdf3ec82-b4fa-4bad-8ed2-4a1cd357802a,65c3ee41-578f-48ba-8572-70f3993e3105,"Some caterpillars have a surprisingly musical way of surviving.

A new study found that certain species use carefully timed vibrations to match the rhythms ants use to communicate. By getting the pattern just right, they’re more likely to be accepted — and protected — inside ant colonies.

Researchers say this kind of rhythmic signaling may be more common in the animal world than we realize.",,2026-03-22T00:10:58.272Z,,PUBLISHED,2026-03-30T00:10:58.272Z,,,,
fdfb51e6-c208-4fe9-aa46-6d7f811fd7f6,1c4762f2-1dc9-47f4-847b-764ef074ce9b,"In March 2026, the U.S. Army received its first H-60Mx Black Hawk, an upgraded version of the UH-60M equipped with advanced autonomy technology. 

Also known as an “Optimally Piloted Vehicle,” it can fly with a pilot, be remotely controlled from the ground, or operate fully on its own.

This isn’t a brand-new helicopter but a heavily modified one fitted with Sikorsky’s MATRIX autonomy system, developed with DARPA’s ALIAS program. 

It includes fly-by-wire controls and software that allows autonomous takeoff, landing, navigation, and mission execution even handling simulated failures.

The aircraft has already completed pilotless test flights since 2022 and will now undergo extensive real-world testing by the Army.

The H-60Mx could be used for high-risk missions like resupply, evacuation, and reconnaissance in dangerous environments.

#BlackHawk #USArmy #Helicopter #DARPA #Sikorsky",,2026-03-26T00:17:15.505Z,,PUBLISHED,2026-03-30T00:17:15.505Z,,,,
fdfcd2f6-05b0-4bf0-b0eb-a173fb1beb74,5a3c02df-6c93-4aae-b63e-f598c32df599,"Lauren Halsey, Izumi Katō, and Woody De Othello are among the artists featured in the Hirshhorn Museum's updated sculpture garden.",,2026-03-06T00:11:30.613Z,,PUBLISHED,2026-03-30T00:11:30.613Z,,,,
fe3050fd-d016-426d-a8a1-7cbde84ecb7e,b1880d5a-11cc-408c-baa2-55dd1b4cc000,"Hôm nay các bạn đã đến Routine U Space chưaaa 💛💚 

✨ 𝗟𝗔𝗨𝗡𝗖𝗛 𝗘𝗩𝗘𝗡𝗧 𝗦𝗜𝗠𝗣𝗟𝗜𝗖𝗜𝗧𝗬 & 𝗖𝗢𝗠𝗙𝗢𝗥𝗧 | BẠN CÓ HẸN CÙNG ROUTINE NGÀY 20.03
Một ngày với đầy đủ hoạt động tại Routine U Space: check in nhận quà, trải nghiệm không gian, thử đồ và giao lưu cùng KOLs. Lịch trình được chia theo từng khung giờ để dễ dàng lựa chọn thời gian tham gia.

Trong đó, runway trình diễn BST Simplicity & Comfort là điểm nhấn đáng chờ đợi, mang đến góc nhìn trực quan nhất về các thiết kế qua từng chuyển động trên sàn diễn.

📍 Đăng ký tham gia sự kiện ngay: https://sl.routine.vn/simplicity-form

Thời gian: Duy nhất ngày 20/03/2026
Địa chỉ: Routine U Space 583 Sư Vạn Hạnh, Phường Hòa Hưng, TP. HCM

#RoutineVN #MultiMediaJSC #RoutineUSpace #Event #SimplicityAndComfortCollection",,2026-03-16T00:12:20.961Z,,PUBLISHED,2026-03-30T00:12:20.961Z,,,,
fe49fdcf-17e6-45d9-a917-c900b95077fd,0eaf3dab-44d0-4bc9-a5ad-7ef101236200,Đây là tôi và quyết định năm 17 tuổi🤡,,2026-03-19T00:16:21.579Z,,PUBLISHED,2026-03-30T00:16:21.579Z,,,,
fe5f8222-0a1e-4667-85e5-d7687fb343bc,ae348cee-3ed1-415d-b557-79810deda907,Tara Jones reacts to the news that she will become the first woman to take charge of a men's Super League game 🤩💬,,2026-03-16T00:16:57.603Z,,PUBLISHED,2026-03-30T00:16:57.603Z,,,,
feb139d3-9e64-405e-bc3a-a40a20aaba68,ecb51e1a-b698-40a0-95d8-2eea6e774ba4,What an amazing nest!,,2026-03-01T00:14:48.644Z,,PUBLISHED,2026-03-30T00:14:48.644Z,,,,
fed1767d-4ddd-4101-8d08-3c0faf19e679,063ce956-10ac-4677-a744-7ad0b829f7a0,"Sau tất cả,...VNI+28
NÓI GÌ ĐÓ CHỨNG TỎ BẠN THOÁT LỖ ĐI 🤑",,2026-03-11T00:12:04.870Z,,PUBLISHED,2026-03-30T00:12:04.870Z,,,,
fee5c442-74b6-4d65-9af9-4684f880502d,65c58780-4703-4009-8925-921f4924b4d7,The Easter candies everyone’s loving this year 🍬🐣,,2026-03-14T00:12:41.885Z,,PUBLISHED,2026-03-30T00:12:41.885Z,,,,
ff103159-27c5-4c56-b622-e606a646243b,65c58780-4703-4009-8925-921f4924b4d7,Hủ tiếu mực siu ngon. #diadiemanuong #diadiemanngon #reviewanuong #reviewanngon #nsaigon #food #foodie #foodreview #ansapsaigon #amthuc #amthucviet #anvat #anvatsaigon #Monngonmoingay #monngon #anngon #anngonnaungon #vivusaigon #chill #amthucsaigon #amthucduongpho #vietnamesefood #ShopeeFood #saigonangi #foodlover,,2026-03-21T00:12:41.885Z,,PUBLISHED,2026-03-30T00:12:41.885Z,,,,
ff33f2f8-5540-4eec-9548-dd52cbb02c30,30136847-6d1f-422e-8305-905be06557ab,NEW: President Trump says he will hold on strikes against Iranian energy infrastructure at the request of the Iranian government. He says the pause is in effect until April 6.,,2026-03-17T00:15:04.067Z,,PUBLISHED,2026-03-30T00:15:04.067Z,,,,
ffa89ab5-1d57-4d94-a50a-a74076aa8438,ecb51e1a-b698-40a0-95d8-2eea6e774ba4,"🌸 Since the introduction from their native Japan in the early 1900s, blossoming cherry trees signaled seasonal change in the United States. 

The showy spectacle of these delicate pink and white flowers don't last long—but with many places across the U.S. hosting events to celebrate the blooming cherry blossom trees, there are ample opportunities to take in the sights. 

Find out how to make the most of cherry blossom season: https://on.natgeo.com/VMt7z9",,2026-03-30T00:14:48.644Z,,PUBLISHED,2026-03-30T00:14:48.644Z,,,,
ffac49da-12be-443c-89eb-afc1db9fe3f9,65e6c099-cd94-4bd7-865a-0a51dc5156fa,Have an out-of-this-world experience thanks to timepieces inspired by the heavens. ⌚️💫 ,,2026-03-08T00:12:20.724Z,,PUBLISHED,2026-03-30T00:12:20.724Z,,,,
ffdb82d2-aa2b-46f1-8af1-7caa32e46d75,fd5b4d2b-1788-4bac-a8c6-2d738376737c,He's not just Peter Parker. 🕸️ #SpiderManBrandNewDay hits theaters July 31. https://imdb.visitlink.me/EvMZrX,,2026-03-14T00:13:50.910Z,,PUBLISHED,2026-03-30T00:13:50.910Z,,,,
fff39b25-1426-4668-906e-94929d3a1875,057c3369-0766-457a-9b06-b8241bbfb888,Which one is your favorite? 👀,,2026-03-30T00:13:33.530Z,,PUBLISHED,2026-03-30T00:13:33.530Z,,,,
fff7e78f-dd45-4911-8b90-29d512807ffc,842d30e6-e5f4-4f6a-9040-89e907f16091,JENNIE thả dáng trong bộ sưu tập Frankies Bikinis do chính cô nàng tự thiết kế,,2026-03-19T00:14:12.005Z,,PUBLISHED,2026-03-30T00:14:12.005Z,,,,